-- phpMyAdmin SQL Dump
-- version 4.9.2
-- https://www.phpmyadmin.net/
--
-- Host: 127.0.0.1:3306
-- Generation Time: May 31, 2020 at 01:55 PM
-- Server version: 10.4.10-MariaDB
-- PHP Version: 7.3.12

SET SQL_MODE = "NO_AUTO_VALUE_ON_ZERO";
SET AUTOCOMMIT = 0;
START TRANSACTION;
SET time_zone = "+00:00";


/*!40101 SET @OLD_CHARACTER_SET_CLIENT=@@CHARACTER_SET_CLIENT */;
/*!40101 SET @OLD_CHARACTER_SET_RESULTS=@@CHARACTER_SET_RESULTS */;
/*!40101 SET @OLD_COLLATION_CONNECTION=@@COLLATION_CONNECTION */;
/*!40101 SET NAMES utf8mb4 */;

--
-- Database: `onlineshop`
--

-- --------------------------------------------------------

--
-- Table structure for table `customer`
--

DROP TABLE IF EXISTS `customer`;
CREATE TABLE IF NOT EXISTS `customer` (
  `id` int(11) NOT NULL,
  `b_date` date DEFAULT NULL,
  `address` varchar(50) DEFAULT NULL,
  `phone` varchar(50) DEFAULT NULL,
  PRIMARY KEY (`id`)
) ENGINE=MyISAM DEFAULT CHARSET=latin1;

--
-- Dumping data for table `customer`
--

INSERT INTO `customer` (`id`, `b_date`, `address`, `phone`) VALUES
(10, '0044-04-04', 'fehjwgu', '809549'),
(11, '0001-01-01', '123', '123'),
(12, '0001-01-01', '1', '1');

-- --------------------------------------------------------

--
-- Table structure for table `discounts`
--

DROP TABLE IF EXISTS `discounts`;
CREATE TABLE IF NOT EXISTS `discounts` (
  `product_id` int(11) DEFAULT NULL,
  `discont` int(11) DEFAULT NULL
) ENGINE=MyISAM DEFAULT CHARSET=latin1;

-- --------------------------------------------------------

--
-- Table structure for table `likes`
--

DROP TABLE IF EXISTS `likes`;
CREATE TABLE IF NOT EXISTS `likes` (
  `customer_id` int(11) DEFAULT NULL,
  `store_id` int(11) DEFAULT NULL
) ENGINE=MyISAM DEFAULT CHARSET=latin1;

--
-- Dumping data for table `likes`
--

INSERT INTO `likes` (`customer_id`, `store_id`) VALUES
(12, 1),
(12, 3);

-- --------------------------------------------------------

--
-- Table structure for table `login`
--

DROP TABLE IF EXISTS `login`;
CREATE TABLE IF NOT EXISTS `login` (
  `id` int(11) NOT NULL AUTO_INCREMENT,
  `username` varchar(50) DEFAULT NULL,
  `password` varchar(50) DEFAULT NULL,
  PRIMARY KEY (`id`)
) ENGINE=MyISAM AUTO_INCREMENT=14 DEFAULT CHARSET=latin1;

--
-- Dumping data for table `login`
--

INSERT INTO `login` (`id`, `username`, `password`) VALUES
(2, 'q', 'QWEWERRTTYUIIO0L1Ufd'),
(3, 'qrew', 'FDSFDSdasdsa1'),
(4, 'qrewewq', 'EWQEWQEWQ132e'),
(5, '3212ewqew', 'rewtyqetrweq#@!#@q1L'),
(6, '4324235', 'ewqewqe432443L'),
(7, '3213214342', 'csvhjfgvhgsvdsghC1'),
(8, '3213214342321', '536721576567213cbdbjhfwdsbhjfbHH'),
(9, 'rewtre6t5465', '8rffnijhn3iuerh7843yL'),
(10, '543i9uy984yh', 'dh78438ty8945tL'),
(11, 'chadi', 'Chadiisthebest1'),
(12, 'emperor', '123'),
(13, 'mhmd', '123');

-- --------------------------------------------------------

--
-- Table structure for table `orderdetails`
--

DROP TABLE IF EXISTS `orderdetails`;
CREATE TABLE IF NOT EXISTS `orderdetails` (
  `order_id` int(11) DEFAULT NULL,
  `quantiy` int(11) DEFAULT NULL,
  `product_ID` int(11) DEFAULT NULL,
  `Store_id` int(11) DEFAULT NULL,
  `discount` int(11) DEFAULT NULL
) ENGINE=MyISAM DEFAULT CHARSET=latin1;

--
-- Dumping data for table `orderdetails`
--

INSERT INTO `orderdetails` (`order_id`, `quantiy`, `product_ID`, `Store_id`, `discount`) VALUES
(3, 1, 3, NULL, NULL),
(3, 1, 3, NULL, NULL),
(3, 3, 3, NULL, NULL),
(4, 1, 4, NULL, NULL),
(4, 1, 4, NULL, NULL),
(4, 3, 4, NULL, NULL),
(5, 1, 5, NULL, NULL),
(5, 1, 5, NULL, NULL),
(5, 3, 5, NULL, NULL),
(6, 1, 2, NULL, NULL),
(6, 1, 1, NULL, NULL),
(6, 3, 2, NULL, NULL),
(7, 1, 2, NULL, NULL),
(7, 1, 1, NULL, NULL),
(7, 3, 2, NULL, NULL),
(8, 6, 6, NULL, NULL),
(8, 1, 6, NULL, NULL),
(9, 6, 4, NULL, NULL);

-- --------------------------------------------------------

--
-- Table structure for table `orders`
--

DROP TABLE IF EXISTS `orders`;
CREATE TABLE IF NOT EXISTS `orders` (
  `id` int(11) NOT NULL AUTO_INCREMENT,
  `customer_id` int(11) DEFAULT NULL,
  `date` date DEFAULT NULL,
  `order_time` time DEFAULT NULL,
  `sent` bit(1) DEFAULT NULL,
  PRIMARY KEY (`id`)
) ENGINE=MyISAM AUTO_INCREMENT=10 DEFAULT CHARSET=latin1;

--
-- Dumping data for table `orders`
--

INSERT INTO `orders` (`id`, `customer_id`, `date`, `order_time`, `sent`) VALUES
(1, 12, '2020-05-11', '19:19:30', NULL),
(2, 12, '2020-05-11', '19:31:39', NULL),
(3, 12, '2020-05-11', '19:31:53', NULL),
(4, 12, '2020-05-11', '19:34:19', NULL),
(5, 12, '2020-05-11', '19:35:15', NULL),
(6, 12, '2020-05-11', '19:37:45', NULL),
(7, 12, '2020-05-11', '19:41:07', NULL),
(8, 12, '2020-05-13', '11:25:52', NULL),
(9, 12, '2020-05-31', '11:23:15', NULL);

-- --------------------------------------------------------

--
-- Table structure for table `owner`
--

DROP TABLE IF EXISTS `owner`;
CREATE TABLE IF NOT EXISTS `owner` (
  `id` int(11) NOT NULL,
  `b_date` date DEFAULT NULL,
  `address` varchar(50) DEFAULT NULL,
  `phone` varchar(50) DEFAULT NULL,
  PRIMARY KEY (`id`)
) ENGINE=MyISAM DEFAULT CHARSET=latin1;

--
-- Dumping data for table `owner`
--

INSERT INTO `owner` (`id`, `b_date`, `address`, `phone`) VALUES
(8, NULL, NULL, NULL),
(13, '2020-05-13', '1', '1');

-- --------------------------------------------------------

--
-- Table structure for table `product`
--

DROP TABLE IF EXISTS `product`;
CREATE TABLE IF NOT EXISTS `product` (
  `id` int(11) NOT NULL AUTO_INCREMENT,
  `store_id` int(11) DEFAULT NULL,
  `name` varchar(50) DEFAULT NULL,
  `price` int(11) DEFAULT NULL,
  `picture` blob DEFAULT NULL,
  `description` varchar(50) DEFAULT NULL,
  `cost` int(11) DEFAULT NULL,
  PRIMARY KEY (`id`)
) ENGINE=MyISAM AUTO_INCREMENT=11 DEFAULT CHARSET=latin1;

--
-- Dumping data for table `product`
--

INSERT INTO `product` (`id`, `store_id`, `name`, `price`, `picture`, `description`, `cost`) VALUES
(1, 1, 'rteywq', 123, 0xffd8ffe000104a46494600010100000100010000ffdb0084000906071313121512131216161516161618181817171817191517181818181717171a181d2820181a261b171721312125292b2e2e2e171f3338332d37282d2e2b010a0a0a0e0d0e1a1010182b1d1f1e2d2d2d2d2d2d2d2d2b2b2d2d2d2d2d2d2d2d2d2d2d302d2d2d2d2d2d2d2d2d2d2d2d2b2d2d2d2d2d2d2d2d2d2d2d2d2d2d2dffc000110800fb00c903012200021101031101ffc4001c0000010501010100000000000000000000000304050607020108ffc40049100001030104060508060a010207000000010002110304122131054151617181060713229123324252a1b1c1f0627282a2d1e108143343637392b2c2f12474b3152534445383e2ffc400190100020301000000000000000000000000000201040503ffc4002711000202020300020202020300000000000001021103041221313241225133427181051314ffda000c03010002110311003f00dc108420010842001084200108420014474a7a4742c140d7ae4c0c1ad1e75476a6b41d781dc00254baf9ff00af3d322b5b4506be5b429dd20642ab892fe71d98e454a564327fb615ef540205425e04cc5eef44eb89f628cb5585ce12cf386046d1f04eba23503a8532322c6fb0411e2a4abd3b8fe2b31b6a4cd8ab8a2af16882d0c4a59f46d49bd54f068f8abbb1ccbb386f50b5cde7f353cc8e037a15850bb548914c8a840cc869bc40f05a8f46ba4767b75115ecefbcdc9c0e0e63b3baf6ea3ec39890b2cd34d9a6e1b411ca155fa93d30eb3e916529f275e69386a2402ea6ee37847db2aceb7699536d5347d228421582a0210840021084002108400210840021084002108400210abbd22e9b58ac722ad605e3f76cef3f810306f3210058946e9ad3d66b2b0bed159ac1b09c4f068c4ac73a4bd6f5a6a82db3b459d8723e7d670dc4f759e07712b39b75baa547cd473aa5427224ba0fd22733bb56bd899448b34be99f5bb52a034ec60d261fde18ed5e3e88ca9b77e276466325b554717173892e249339c938cceb94bd9e93def0ca40beabb58d5b60fbdde1b4ada6f43bacce6b5c6f4b4190204fa43926e9104ef40ba46283fb2a87c9bce07d471f815ac5760735a46ec7f05f3b82b41e8174b1ed8b3d46bdedc9ae0d2ebbc6321bf2553630dfe512eeb67afc646902cc0a6629092574fb7d319ba371c0a6d6ed22d0c3d982f744dd6fce0a8a4fc341c925764374a2dc295173cec21a369d4b29b2d6753735cd2439a43811810e0641075104294e92e987d77dd782dba48ba4110781508e2b4b5f1708f7f665ece553975e23e87e8af58c5cc60b4890e00f68d188900f79baf88f02b43b25a9955a1f4dc1cd391067fd1dcbe7bd154629d3683935a3d814fe8ad2756ccebd49e46d1a9db9c3229ce06d68554d0dd37a5521b58764fdb9b0fc5bcfc55a69bc38020820e44190781401d21084002108400210840021084002f1ee001248000924e0001992bd596f5d3d2b34982c349d0ea82f5523533533ed449dc37a94ac0ab7581d62d6b455a94ecf55d4ecaceef70dd75638e25c310d30701180c712b3aa958c071c499ba3501305c46bc41006e24ef4ebd4311ab13cfe4259f8573fc3bd1bfb261bbc8dc1e2ba0824ebc1d74635098267104e6d07546b771d40cf946897b851a224b8dd9caf6d3f4698cf8093b0274cc31ced66183ed025e7c05de0f2af3d02b0369d2fd61de7d590d306030182c3b2f1133b87386e894898d03d1e6d99975b0e79f3dfadc760d806a1f15cf483429af4cb1c208c5a763bc3152f46ded6e126356edad3c36fe18af4f48b36f289f05cad8e65365e8b5673e1f0d00e38c923680ae5a1b413691869777b278cb7489969ddad58eb57a4f10e6b08db174f239cae1cf64432a46e7830383809f19439361456ba6360a970550e2e2c8bd03ce195e11ac61e3b94bd2069d2687075f201735b24ce1ddc338fc514ed06fbaf45c02413b4e437ebf04fbf55044de3dec708c37633ee4b4aec7e6ea8a8699d06eb43ef168a7c73e7bd4454e853c3c7946164e249831ae37ad0bff0c61f3af3b6871747b0804f24b53b2d9dbfbb68e2dfc53293473a2168d363045e04eec6176d23502a7fb5a6dc9a23560126fb653ceef8051649085b8e51f3ad4868dd315ece7c9bcb7766d3c41c39a55f6c9c9a3e76fb12113abc14d81a0746fa5acb4114aa36e55397aafe1b0ee2accb00e95d6751a06a31c5af0fa7748304383dae047f492b5ee81f4945bec6caf80a83b955a3d1a8d898dc410e1b9ca7e882c28421000842100084210078f700092600127700be55e9669636ab556ae7f78f246e6e4c1c9a00e4be8ce9edacd2d1f6a7b73ec9cd1bafc327ef2f972b14f1159c31b2409024c49c0733a93a24487ba47eeeaed69ba584c6f6c9facd7262e29e52ad785e209205da83d7a7800e13e903771da1a7d64c025528c31cd3e753783f65c034b86d1229c1fa616a3d13b3d2a963a0ecc5c0c7e2443986e5ec378cf610752cd26ee7deb831891dad0761ca2f711787a8acfd5fe91b952a58dce90e37e99393bba09c27d265d746e7259784a2fc2c749b379b190741cfd5a80eadfc33eeaedb746174170d7809d878fcec4dcb0e3324b339c6f30e471cce1e2d3b576ca1e8818b7112736eb1f0d7e895c861c3ad1ac343794ae9b5a6241e582f1ac045e191ca405db691ccfbbd8a09215f65150d41b5e20f01ff00e8a7b4585a22060001867e38252c4dc1c7e9bb03aa304e797e5f8a901a961cf0f9e6912d3f3f927afa636fc570ea7f382006cda439f82e9b446b03d8ba6b7665b528d6fceff8200e69d10308c12bd88c2461f3ec5d346bf9e0ba035fbd00503ad0ae1ada344664b9e78345d1ed71f0525d4369aeced752cc4f76bb25a3f894f111c585ff00d2153bac0b6f696da835530da6390bcefbce23926fd0ed20685b6cd5a62e56a73f54b835ff0074b9754ba13ecfacd084242410842001084200a7f5b550b745d7de6983c0d462f9aaa15bd75ef51c2c745a0f74d6ef6f218eba3dfe0b047ae91f05624e2bda156e991ab51c8838107711239ae6a24da715241201d0016e3743cb675b31ed293f7805c646a27688e9959d4cb6a3090ea258f6139dc7779b7b6c388698cef9190c1bd9aa0009226e10e8f59ae863dbce58384a5c00dc0c90c71a6e319d1a924380dd2e70dee6209364d1da45b5a8d3b4b3273648d83278fb2e1f74ed4e3b238b444b716cc65ad9cb2dddd2a8bd59e9334ea54b1558c49732711786151a3682d01c3eab8eb57f6b4c47a4ccbe934ce1cc0231d6d95c5aa63a38a660c8383a3743bc709cb88de968d5f0943980fd57e39c6244e1b2463c41dabba4489073181dfb0f31f86a4a49c599b1339de71c41d652871d40f05eb1ae8dc49c803ef2bdbb8e0270d623dc1480ddc35fc6136b5da3b365e2265cc6c658bded60e38bb24f8d3cf01f92e6a506b8411233d80f1401174749d37341823cd04ec738121a77e1e240cd38a56963e2eba6403c419838e38c18db0578fb034f9b030c3000020434c36e937649fb471ca11668c6b5cd7b6016b9c70eef9f78bf26c104b812301201c08c4207d3ae3fdae2b570d6971301ad249c300313f15cbc1073e382ad74f3490a763a8d9ef542298db0ef3fee03e210901965a6d26a547d439bdce79fb4498f6a187c520d295615dc43ec4d1369ed6852abebd363ff00a9a0fc53a556eabf48f6fa2ecaed6da7d91e3489a73cc341e6ad2b90c08421000842100639d7e5b1d7acd47d00d7bf8b89bbec00ff005158dbd6d5d7168d7daaab05182ea2c208262f5eef40390230cf6ac5ed349cc716b9a5ae060822084f0945f49f81284976d7a377a40ba0a5dc9bd44e28e6cf52e90ecf68f581cda788c13f803324b5a2e38eb7517c1a6f8da241c72229051b4c6013db356c329b80c898bf48cdf6f1125c0ea971f44280140f7d32da8c7455a05a246b008ecaa0c316e4d9c88ecfd65b4685d2adb4d0a7696e12087b732d2307b77c1c6758e2b191ddfa458dc26476d41c0c8dc40277817b2ecc2b1740f4dfeab69ec9cef21688827538e0c79d40c82c76c2363524959299a9dc325b94e2d3860671f03079c6a5d18c2a40044877019f81c46e276af5acf4620b71693b354eecda7763ad740810f1203a019c60cc0d7b7ba796c5cc73a2d1983e0ba83b7f25c53c0dc3966dc7d1d9cb0d591094f9d6a00e1cdd98711f92e0d3e7b357b92b39fc7e725cbc8dfe387352023519f3fed7047e3925aee1bf3e490aaef9f90801bd63cd62fd31d32eb45a08c43291731a0ed9ef3b8923c005a4f4d74876564aae0e8739b75b19cbcdd9c32c0e6b19684f142b3b6a558936a51aba0a7d15d44da9aed1a580e34eb54047d6baf1fddec2b4558e7e8f9a55b168b2dd87776b0227bc306381d8477236cee5b1ae6fd19021085000842e6aba013b01280330af5efd4a8f3e93dc7913f8288d2da128da4815192753860e1c08f7649c36aa796618cee594e4d4ad1b5c538d3467fa5babf0c04d3ae6363da0fb5b1ee519d1de88f6d5c31ee917d8c80224b8fe12b45d36fee94efaafd0d7aa36a91dd65e7f173bbac1c80715770659c976ca5b1871c3b48c674fd9853b55a29b706b2bd6681b036a3801e0147b2a9690e69820c8f9d6a6fa603fe75aff00ea6bff00dd7a842d574a03da4f9bb73ba6f79333371e71ec9d381698969386739be3a2c0e6dd020389b80feeeae17a919d4e1113b1bb1e9a59de01871eeb843b86d8d64183be235a77571bd7e0f9a2b012647a15dbb7ce18ebbdb2a61006add05e909b4d99b78cd6a1dca9eb3dba9c77903fa98559c86cea2d78e5318f8b71e5bd635d17d286cb6aa759ce863c9a35f3890402f394fa0f9d72fdeb642c0016e5ada76620ebd8e83cc2e5254c740d923012e61f1ff60f007825da644c9838ec2470f04887080f8fa2edd8c63c1dec2576d6438b76cb878f786fc60fdadca0914483dfb3df2969cd36ca66214009d5711bc7bb928f7574fad825b8a8c1396cc9480a9e8c36df42d349ce2d2da6d735d1375e1f7c61ac77083b89589e9bd075acd55d4aa3711939b25ae07220ef1b57d31d01a7ddac7392c1e009ff00254deb0f46f655a93f562ce20196fdd31c8a97271564c60a4e8c5ac7a26bd4314e8d4770618f1380f1569d0fd0479875a1d707a8d20bb9bb21ca78ad074719685dd76c15527b737d2e8bf0d382edf621d15a74ec55e91a4d0d6de0d7ed2d7774971389899c762d8562f5722b62b156bf4d8ff598d7788053eb49b4ece3b9049a68590842b25304d74abe28553b29bffb4a749869f1ff001ab7f2ddeec543f098fa8c9ece64a94a07051d63a784a71dac0cd65cbd3723e11fa7aa611b56add15d182cf66a74e3bd75a5df58812b31d1365fd62d9469e62f82efaadef1f605b22bbaf1a899bb72b951f2774c3ff5b6affa9aff00f75ca0cab174de8ddb7dac4ffee6b7b6a38fc557dcdde3daae9484c27765ad221c7cdc276d371baf61dc2f170d9dedd0d8b778f6a52c81b785e700d3209c700e05b3be266372007d4e9cc31d817114ddf46b330a64ee7096f3a8752d4ba0da63b7b130bbf6940dc7ce6401813afcc3e2d2b3014c9375c7bcef24f18fed5bfb274fd280d9fe61d6ac5d5e692b96d0326da998eeaad93cbbc1f86ca8d492568946ad18c1121fb768104731ee2bc0d244625cd384e1881fe4d3eddcb90dcda00969eee51f4478774f02942727ea7000e119f9b9658988dfb9731ced8e91eef861a9347921d9f8a59983889001923fcbdf3f69236a10665007368c94739baf5a917364264ee3e0802e1d056f92a9f5c7f68fc521d6668fed2c65e077a939aee591f7a73d07fd93febff8853f6bb38a8c753764e6969e04429f50274ecc6f43d696a91b41c02836d2342b3e8bb02c711ed522ead2335979235236b1b528d8d6bbe0ad57a235efd8e89d8dbbfd04b7e0b26b60d72b46eadab5eb211ead478f10d77f92b1ade957717e25ad0842ba668281e9bdabb3b23c6b790c1cf13ec054f2a9f58dfb0a7fccff0017259ba8b3a6257348a5d97cd51f6cb4c291a19286d2acc6566c7b91b33ea25c7aaca0d7d4ad58f9cd0d68dd7a493f7568eb30ea92bf97b4306458d77818f8ad3d6943e263e6f9b3e5eeb2991a4ad63f8ce3e307e2aa855efae0b2dcd295fe9f66f1c0d368f782a8a46f5dd787038721810e4b36a70f9fc9003cb3f7c346b74533b9edc68bb748172760715d8aae9ed5983dae6d61879b50380a9f7bb3746c3b936b2d66825a6035e2e927269f45dc01cf7176d4e9b5fbc5ee6f7d86f3dbeb03e4ab838664807ed3b628036ed176f6d7a546bb7cda8d13f449d477874b7994f4b4779872324703e70f1c7ed2a0755d6e1e5ec4e74dd26a533b58e8923996387f315faa54ee03e93730368c1c06dc26392e2d531c6ef2631f39879923f11e12116812011afdabd3500223d2119e64651be27c02e01cc67197d5331ed91c82091261c387ceb4d6b9c7e7e7627119cc0f7ed4857188dc3fd200ba742079179fe27f8b558941f4369c5986f7b8fb87c14e261599975ada3031ecb5370bddd7f1191f0f72a868eb4df8d8af3d713ef51a348666a5e3c0348f8fb15134559c80aa6c25e9a5a727543cb69c15dbaa7ad34ebb763da7fa811fe2a976c660ad1d5330dfb41d575839cba3dc526b3ec7dc5f8b3484210af1940a9fd643bc9521fc43fdbf9ab82a7f592df2548ff108f169fc1264f8b3ae0fe4455290c146694a72149513826d6d6c8599175236a4ae23eea9db16ba9fc93fdcc5abac8fab7ab76dc07acc78f013f05ae2d387862e6553304ebeacf16fa6fd4fb3b3c5afa80fb2165ee5b37e90766ef592a6d1598791611ef72c61e5775e1c19c2ec95c85cb8a9007152bda4438e3761c76ba8d6680e1c41711c6a6e5120290b3d51745ec992d747ff00154904efbaf24f17b762180ff44e90365af46b933d8bfb3a91e953c60c664165e8fe585b8b1f064443c020832098f8b7fb560aca67cc74071f20ed9da371a2ee062e4ec6bb6ad43abed266bd84309f2944f678c830dc69ccfd186fd92b9cd7d8d126803040d47ba36fa4d1ee0bb73c1bafd5fe2e899dd91e493a6fef0709ef0fcc67b89f04b33273757c1d3878dee50b98c716a746cc7e7526c37e24aec99cfce181e5af74e079aec052059fa05a4c3c57a338d1a823eabda0ff0075ef156b590f5676e3ff0089d66fa350541fd0647b07b56b951e0024e404f8262199bf5915c1ac1bae00e035fb557ac94a025b4d5a4d6b53de76c0e495a6d810566ec4ee546c6ac38c0636ec95e3aabb25da156afaf5239307e2e7782a1e9272d67a1f64ecac745b104b2f1e2f25ff0018e4baeaafb38eecbf1a2650842ba6602abf5894a6c97bd5a8c3e32df8ab4288e9750bf63ac3636f7f490ef8259ab8b1f1ba9a6671647cb516ba78149e8f32138b59ee92b29fa6e27d0d7a0e634852e2efed2b6458ff00421bff009853fb5fda56c0b4f17c4c7d8f998f7e9056f1166a184f7ea9da060c6f8f7bfa5626e578eb774a76fa4eb479b4aed11f63cefbe5ea90e2ac2f0ac70e2b9421481d352d64a803bbde6b816bb735d813c460e1bda1225014012a2993dc760e779176395567ec9d3b0c35b3b03ca9ee8369434ed624c36d4d21c328aad926761bd78c7f142af52f28d035bc0a6775560f22efb4d867f5941b49c2ab7ce915dbaa2ad323b51cc43f806850d126cad982226e9f7631e1827155e043a77618e07f303c4a6563b435d75c327b1ae1e13af711e096a8d9696881184fb5be18730b90e37ab561e635c1f0c0fb2ef825a83cb8e580126672f9f724002e8701c73c88c70da303c977d23ac2858eb3db99a7741cfbcfeeb639b90073d4cd9cbebd4af1843b1fac7f3f62d2ba4d69ececef3b442a4756affd58d2a044768c20cfad983ef1cc29eeb12d61b49b4e7174e1b7f2fc4224e9363423ca49143b032649d653ab4d40d48d9840cd37b7d69e470594d5c8dbf227ba2ec46d169a54b1efb84ee60c5dec056d80460a87d59e883dfb5bc79c2e53e13df7788039157d5a3863c6264ed4f94ebf408421762b02e2b520e6969c9c083c0882bb4200c728522ca8ea673638b4fd938fb92f6e7f74f0523d36b1f656b2f19556de1f5860ef74f350ef7cb48dcb332478ca8dbc53e504c73d00a77aded3b1af3f748f8ad5ad15dac6b9ee30d68249d80625671d5ad3ff00955375327da07c54c75bce2345d620c77a94898bc0d4688f9d8afe1ee28cbd9fe467cfdd2aae1f6ab4541e6bebd670d721d51c471c0a8238a5ebb8b8c9499564ac72bd0110828607857a178178e0a007762c49a7eb8006a878c699dd8f76763ca70eab3df393bcac7d21ddb4320ed692e8d81aa2c1524f7de876a790fe0e71ecebb774de0ee1750068dd0db55eb25305d8d12ea6effeb240fb91ce14ebc490464709d5f44fbc730a83d5de95653acea354dd15831cc27005f01ae692722488e2d23385a457aeda4c20099c1b8483393633e7f27949763a67b4aa0a422249ca013138c1031ce7742aee9caa6d169a3666416b48ab562627d011ce4ed534ef26d2fbd79c73c71fb3af0519a128d360a959e60b892497168d738c8dea091e691b67eaf358feea1c08c3cd32062739cb8a574ce9075aebbab62199531b183231a89cf9ee50340badd5439b3faad3748bdfbd78c9d8e3706627338ea0a72b80c1ee553632ff005468ea60fef2ff00430ac61d1b8273d1fd0efb5d614c60c6e2f77aadd83e91c8260fbd51e03412e710d03593905af746b4336cb445318b8f79eef59c73e432097063e4ed8db39b82a5eb246cf45ac6b58d10d680001a80c004a210af99408421000842100553ac4b2dea0ca9ae9bfd8ec0fb40544b19c5dc042d4ba5142fd92b37e813fd3def82caacd983bb154b6577669694bf1a27ba00eb96c2d385fa6e039107e0bbebe2a45829b6609b43637c32a28ea758d37b2b3077a9b81e3a883b8824734af5d56ea75b45d0acdc9d5db07d53d9d5bcd76cc411c42eda93b55fa38eee3719f2fa660ce2927554a1a24980093b8194962ae1468f4555d1292785eb762803d2e4072e485edf0803d4e6cee905a4c0999f54385c2ee126993f55342e1b52942b169bc049ca0e441c083b88400feb09043c441ef6b345e73740ce938e386472d57e4acdd2db4d0029d402a8105a5c4cddd45af1e73761f6a8ca3deba41220dc04779f4af79a0c7ed296622246236074fe8de8bb9ecbd5bc95389230375c0e2f61c9808cc62313b1b1ce538c7d3a431ca6ff00147767e9756ace14d9666de765df7471761905657d3af51b709ee91171a0066f249971f14b746f47d9c0ff008ed1735bc625e7eb1c4fb94e06006151cdb0eea2a8d3c1a914ae5d9ee8ab38a6c0d1ab624f4b9040da4ffb5ed6706e3e09b59293ed15452a6249386e1189275055a09c99726d462597ab9d101ce7da9e3cd2594e76c779de063995a0265a1f478a1459486374627692649f1253d5a908f18d185967ce6d821084e730421080042108012b552bcc737d66b8788858f16dc71070230237cc15b32ce3a7d63eceb87b461504fda181f81e6abec46d596f52752afd918c32371092a34cddecef4b03af807101e445e1b0c613bcaeacaf05806b13ef94e6ced031541369f46a349aed0ad969329f7a04eb25635d27b453b45a2ad4a4d0017617440232070db13cd691d35b71a563aef0712dba38bc86fc679158d59dd879c3864b474a1ec9999ff213aa8aff00228eb3bb8f1491a647a27c53b6d491f9aeb62d0e09997cda185e8f4579daee4fdc937910704ae0329d8ccd42baa6c2e201300b802e39364e678290a81b380dbef2bd6c5d386b0a1c3a254fbf0d06c5a02c162636b3abb6a1899711ec033e0aa9d24e913ed2eb8d96d10701917ef70d4372866340d43c1777c2486b252e5276ced9772528f08ae2890d19a5aad13dc711c30f10702ac366e9b3879ed0ef169f1121548d60b873fe29b26be39fa8e78f6b2e3f197aa9d2ea4e18b5d96a2081ee5a9f5574e93ac9fac31843dee70739d8921a726ec1f10be6c90be80ea26df7ec35291ce956747d57b5ae1f7afae3ff009a18fb89da5b7932f52669084210202108400210840021084002aef4f2c97eca5d18d3735c3dc7dfec562495aa80a8c731d939a41e6214495aa1a12e324cc6a8d4c70f9da13da6fbc7704c9d4cb4ba7d127d860a59cdbcdbf4ce3196d3b166389bb07f643f589657bac4eba261ec71faad99f7cf25965946070f885b7582dcda8d8760466d766388e4a0348f45ecac79a829b6ebc191ea9dacf5792b7af9d635c5a296deabcaf94599a1a5b97b7636af1f2d739a1d375c471827141aaed6169a68c569f8741ebca80105706b05cb9ea5b2121d3b08f9d65757bba71d607b0a6f55d8ae9d8340db2ef804b6351db75af48de9bcef5d36eef4d6250b8685cbc6ef6af230410a40e461a96d3fa3dd95d76d7589eeb8d2a61bbda1ce27c1e078ac5c15b9fe8fd581b35a5bac55693c0b70f71f05cf2783e3f4d550842ae770421080042108004210800421080295d28e86bea1754b33c0738c963b0049ce0efd87c5521f7ec953b3ac031f0096970c47ac31382db17cfdd7889d238e31468c733527dc12ff00d119baf0ecb6e78d7ecb05b6832ab7b46114ea8183a303ae1c35859d74afa42f7b85163fcd9bc5b94e500a6367d2759949f4d9508680206184ccc1cc284a431538b5b8cbbec9cdbbce151557e8a53a78a57b35e8fc7dc90acf3b55df0cef4f5f486f4ddc217b9e6b8212363a45b74f7462d167b1d9edeeec8d2b45db9178d46de617b6f87360600e44e4aa8e7c99738adefac2a4d1d1bb3803cda7638dddc03dc4f8ac1a9894911e4c52835a53b68d8026633e69d52392eb138480522bc348e6b8a955c27149d37176649cd4d850ab00d78ad8bf47ca9dfb6b7e8d9c8f1ac0fc164348612b5bfd1fc796b5ff002e97f7544993e2c787c8da10842ac58042108004210803ffd9, 'very good product', 123),
(2, 1, 'weqew', 123, 0xffd8ffe000104a46494600010100000100010000ffdb00840009060712121215121312161615171818151717171618151816151815161615181715181d2820181a251b171521312125292b2e2e2e171f3338332e37282d2e2b010a0a0a0e0d0e1b10101b2d2520252d2d2f2d2d2d2d2d2d2d2d2d2d2d2d2d2d2d2d2d2d2d2d2f2d2d2d2d2d2d2d2d2d2d2d2d2d2d2d2d2d2d2d2d2d2d2d2d2d35ffc000110800fb00c903012200021101031101ffc4001c0000010403010000000000000000000000000203050701040608ffc4004510000103010406060706020905000000000100020311041221310506415161710713228191a114324262b1c1d12352728292f0a2e1152425435373b2b3c216338393d2ffc4001a010002030101000000000000000000000000050203040106ffc4002811000202010402020201050000000000000001021103041221314151132232610523335271b1ffda000c03010002110311003f00bc1084200108420010842001084200125ef0d0493400549dc066b2f7800924003124e0001992556dd21f485666c0fb3d9e51248fec38b2a5ad61f5a8fc9c4e541bd4a10727488ca492b668cd6a6da499a3add90f5acae747f68578e2a326b7cb09bd896e4682b4e3c931d1dda6fc0d613da655bf9438869f2a772ea2db65a51c0704b722db369fb1bc1ee826bd10234c4645fbc2f675c095a5e9d2da4d003d5e65c7daa50d1bbc71e6ba8f4380b4b8c4cbf954b013f0486d9ea700a1691269becd9d4aa32d2cbc402e0e02bb5c4603c02b1d51bad3a45d6730c8df59934726eecb24693dc4968fccae8d19a422b446d962787b1c2a0820f3069911911b16ec09ecbfd983535f257e8da4210ad338210840021084002108400210840021084002108400210b9bd65d76b258810f903e4ff0d841757de3937bf1e0bb18b93a471b4bb3a45cc6b26bd58ec608749d6483fbb8e8e35f78e4def35e0aa7d69e92ad56aab187a988fb2c24123de7e6ef21c1709689c9ccad98f4be64669ea3c44ea35d35fed36e75c73bab86b844d381da0bdd9bcf3c382e4a492a7b96b4ae4a8df514dab44125c22995be59d7ea4db1d1d5e3d878be3dc9061e0e63bf5056c473b658c169dcaa2d538ee46f7c94b9696bd911bd94b670642d70f66a1d86f2de38f65a976d249614935d1ac8e4879a195e3517e0ebcc6d4c5436f3ce03e4b6c2e635f34908acee6838b9624ad9b5ba471bad16af496da261eac6628d9f9a405c7f85aa075675b2d56198ba094b43802f61ed31c4615730e15a505450f1523667ff0066ce076dce7d5cdc018dad31bbac24e3414a712f685c7446a5ced9904f74d0a828b116a67ba6e48f48ea774a165b5d239a9679b2a38fd9bcfb8f3913f74f712bbd5e396bd77da99d265aac6044ff00b7847b0e3da60f71fb391a8dd45d9e9bcc4ae39ffc8f442173dab9aeb62b681d54c03cff0074fec3c1dd43eb7e5aae856569ae197a69f40842170e8210840021084002108400210a0f5d34cfa25924941a3e9723fc6ec01ee153dcbb14e4e91c6e959c074adae6fbe6c967796867fdd7b4d0b9ff00e182360dbc70d8aa591e4e256c5a252e24935f3e753bd6abd80a730c2a11490ae599c9bb1b714d9296e144904152a38849602987d9c8c42d92d590e5c714fb24a4d74693db520d3f91192eefa3cd32deb446fc1d937dee1cf76f5c8bda0adad5fb342fb4c4d9e47451deedc8dc1cc0012d20d0d3b41a2b4c2b5d8b36a74cb241a66ad36a1e39268bcdf6d6e5555c748b210413b706fcca667d381b69a3253231afb81e450c8dd8e22831e200ae7415a281d6ed2aeb4da0927b2c01806cc3d63de6be4956974b2f9aa5e06ba9d4c7e1b8f939d7549a0dd89efaff0035b11c340025c2cda9c4f230ae588e53f0868c2125bd94f551754b6fa21bbd8a8e4da305dceaa749b6cb216b253e910e575e7b6d1ee499f73aa392e10352d99851963535f64763371e8f56e84d310dae26cd03c3987c5a76b5c36386e5bebcf5d17eb21b1dadad73a90cc432407204e0c7f0a139ee257a152ccf8be3951bb0e5f923608421525a084210008421000a9fe9ab4bde963b303846dbeefc6fcabc9a07ea5702f35ebadb8cd6c9de4d6b23a9c81a37c805af471b9dfa33ea6550a39f71492564a414d4588c9a14d3e1dc9438782cb5c8e1f6495ae862f119a7334e1a148eae997828ed64ad31211b6a96b042ed05897be85b4cebf2aa406d50ff005bbabf24e35aab505b9bf658e4f6a5e84128ba9c2d482a6d10b0aa2f22eef41785c032025352013c92815d38c70397a47a39d39e99618dee35919f6526fbcd0284f36969ef2bcd8ad1e82b4996da26b393d97c7d601efb1c061cdae3fa567d5c3763bf45da796d9d7b2e94210948c4108420010842008fd61d23e8f669a7fb8c247e2a51a3c485e62b4bea49399c55fbd2bda0374748d2ea17b98d036ba8f0e20773495e7e98a63a28f0d98b56fa4345312494206faa78a8fd22fa161f796c9cb6c6ccb8a3ba546ee69406f4d59df5154f0538f3c91971c05162894b0548e5894252c20ed8bd1da3669df27551ba4b8dbefba2b7583325349dd17a567b3c9218247465cdb8e2da769a73188e58e63614805550bb7e8b275484d176163d17607c5112e60796c77c19c30dec3acc1ceecd4e7b86542b91aac15d9c3774e8e426a3dab24f59746c504ad6c64b9a636bf1735dda25c0e2dc3d9ad36576e6a20a5d160a145a5c8376ed08c5244989094e200a93401695964bcf71fdfef25094a9a5ec9c6369b24362e9fa34b6f55a4acc7ef3fabffd8d2cf8b8782e5ea95148e63839a4b5c087348cc106a08e20a94d5c5a21174d33d748515aaba5bd2ec905a32323017019078ecbc0fcc0a9548daa743604210b800842d2d356f167825988adc6975379d83c68ba95f0053fd30e98325aba907b10b40a7bee01ce3e174772ae1cb7b4adadd248e7b8d5ce25c4ef24d4a8faa758a3b2290ab2cb749b30545693351dea51ca2a58dd23835a0b8921ad03125c4d000379268a39dfd68969d7dac7f45bbb14e27ebf35bed4bb768496c72becd300246120d0d4139820ee208f14cb4a9617f4488e65f663ab0501055e5261612961006b418bdfdcb65330368e7f123e09e518744e7d9842ca148898292528a48c4ae33a8d3d26ea3073c7bb2f3f82d3b1e07cd5a7a4f5504fabf1da2268eb21965964dee8ef75727e90c61e4c3bd55b130872c1296ec96bc706e8aac75ef9249852da7614c4453a16b4f832b45f7d0ae936bec4eb3d7b50bc9a7b9212e07f55f1dcac35e76e89f4a3a0b7b295eade0b25dc1a7271e4e0df35e894ab53151c8ebfd9bf036e0ac10842ce5c0a1f5b9cdf4591aec43c06537de343e55530b96d7ab451b1337b8b8fe5141fea519ba8b6598a3ba6914fe9dd4e959db87ed1bf77db1f277763c1726f041208208cc11423982aeb85c916cd0d679ebd6c4d76c069470e4e1885dc1fcaca3c6457fbf24f51fc5465ce375faf0523364a7fa24b0f59a5acf5c9a5d21c2bea31c5bfc545d2697d49b337d474809340dbc08a9d98b6aacfd51d44b268f3d646d7194b2eb9ef7577175d190c42d93d5e3cb1fad985693261954a8a7fa5a69fe91981de0d79b1b41ca943de5718f56874dd660db4b1c337b038fe5ab3e8aae7444ed5b313b82a5e0c99554dd8b8dd54a2b0c6530aa70338ad51e8a1f6378a314e538ac11c5768e5921aab158df2c9e9b23e38eeb8b4b0124c946868c01d978e54a818a8ca2c4433e67e012e8a118f92727e04ac845d4291130f2b309c4d063b1079a5c2da9a5571f61e0f42f467611fd110c6e150f6cb786f0f924a8f02bcd9a62c0e8279207d6b1bdd1fe92405ea6d468aee8fb28df131dfa85ff9a88e90f53ecd698259ba88faf680fbe1a03de1b4a873862eec8a6293fcbb6727fb1a285c523cdf0bb05d0685d589ed041ba6367df7038fe16e6ef8715dc6acd82ccd01cd8630e1ed5d05c3bce2ba39f2aaa337f2924b6c157ed9b30ff1716f74ddfe9109a3f4547678bab60fc4e39b8ef255a7abb6beb6cd13c9a9bb477e26f64f98af7aade57d1759d1fdaeac962afaae0f1c9c287cdbe6b069f2394db93ecd7abc49635b57475a84216e1682aff5ead35b4060f6580779abbe145602ac3589d7ad729afb54f0ecfc9539dd44d5a457902cab67aea04c0346ad496d0299a5f56c6ac90d0766ebed918f659f68efcbeaff00151590b96d42b05d89d31ce4387e06fd4d7c175299628ed889f513dd36545d38d98f59679365c7b7bc39a7fe4aa499f4c82bc7a6e6036584edeb73e171d51e43c1520ec0e7f14eb4b2fe9a427d447ef669f58e4eb2d3bd3e631bc24188705a1464bc94dc5f814c755071446de21628a6404c5b79fd1394458e22fa86b4b8e268d04e0062683621c85d1d97661dfbf042c91c514e2174e08bab2d7d164d37fc53b64682e009198f8a8b3a7a9742c25967858736c51b7c1802dc70a8a1c922cc3b0dfc23e09c481f63929cd2962362b5c917b04de67e1390eec96f0b4542eb75f7407a4c37d83ed63ed377b9bb5aaaeb3690c6e57119f04bf518f9b435d2e5528d3266d476a90d4bb6dcb5b01c9e1d19ef156ff1340ef51cf3d9cd6859ed263958f0716b9aefd241f92a713a9265f9a37168bc108426a23055239c4c8f273ad4f356d155187d647f135f159b53f89b745f9336253d938a828e4739f738d3cf0f8a9e919828531524a8cea0f9acd8b966fcdc2b2eab3c218d6b1a281a000380144e2021321195f74d6dad8a33ba61fedbff0092a2640af9e9a0ff005167f9cdff004487e4a86939a6ba4fed8bf55f9896959494e0956ab33d0342c3860961fb7f79512647e5c3f97d149f471127aa9ac33d85ee960b979cd2c21ed2e14ab4d4508a1a81b7b8a8e7126b5cebc937667d01e7f4fa272f6cfdedfaa8c62972912937d0870490945fb3f7b3e8b3d6635fdd14ace5084a89f435dd8a4115da9429bd700f5a59de1cc6b8644023911509c51bab4d70b1d983bd610440f311b6be6a49207d8e0150768b21f497be940f7bdc0702f343ca992bc74b5a8450bde4d280f89c02a8a205ef2f3b4e5b86c0166d44aa26cd1c2e563b73b2a224f5fcd4e4d8354347039ef0c6e2e7b834732683ccac30e58cf23a45dda35c4c3193996309e774556ca444cbad0d1b001e028969b08582a8646dd9dc0ec34f03456f2aaf5a22eaedb20de6f7ea00fcd51a85f53568dfde872418288b4765e1dc54c52ad5156f660b0c1d486735712ddb0cb7e363b7b41f24fa83d4cb4dfb233ddab7c0d7e6a71344ed08a4a9d15d74dd252c90b77cf5f08a41ff0025463f357374eb3011d999b4ba477700d07cdc3cd53728a84db48bfa62ed4fe6344202c5e42d2503a12242b20a4c854dbe08a5c859f6f34e290d50d06eb6ce2ced91ac24175e75760ad00199e1cd695a62b8f732a0dd716d5a6ad25a48ab4ed1860546125d792528bec61c100a5158a291c04f58e20e7b438d012013b813425329c85d8f8fc10c0f5ab1a000064301c96542ea6e9516ab1c32ed2c0d77e36f65de2457910a65cea0a9d98af3f24d3a6374ed59c4748ba40f62ced39f69ff00068f8ae6ac91512ad968f48b44b21cab41c8603c93ae21a95ea27ba43bd3436411a96f34c14a7479a33acb4198fab10c38bc820780a9f05056e9369cf62b4b54f45fa35998c23b67b6ff00c4ed9dc283b959a685cacab5992a35ec984210b78a81575d21d9cb6d31bf6398077b4907c88562ae5ba42b15fb38900c63757f2bb03e77557955c19769e55911ccd97d55ad6b8ea13ba35d56a54adae0968e7b3a2e8da4ac3237eebfe20aebd711d189ec4e3739bf02bb74cf1fe284b997dd94a74e56bbd6a862fb915ee45ef761e0c69ef55931d8ae97a40b7f5f6fb4495c3ac2d6fe1600c1e4daf7ae5ce69e608ed8213667ba6c548c4dad8aa416abdc7d152660243c25dd582876750cb00c41c724f129869ed3872f9a76ab9164a48014dc935162476c49644b8dbf07525db137dc53d1c646354a6b565ee428fb072f08b77a0bd384be6b19caef5ece0416b241df567815636b569110c0ec7b4eecb46de27f7bd50dd10e966c3a498e71a31d1ccd71dc04664af8b00e642b034ddb9d6b96f9a860c18dda071e2524d7e450937ec6fa1c32c892f08d2b1b452bbf1fa22d9360381f9269eebae23753e013fa2346496b9446cc1a317bf6347ccee093a8b94877292847937b53343bad33899e3eca220f07499b477667bb7ab3d6be8fb13218db14628d68a0e3bc9de49c56c2658e1b23427cd95e49582108532a04cdb2ce248dd1bb2702d3de13c84015259d8e8a4744ecc38b4f3068b7242b7b5eac7d5da1b30ca418fe26d01f2baa3de7b354b32c76ca877867ba2992bd1c3eecb688f93877123e61775203434ce8695cabb2aabcd5690476d69ae1234b0f3a5e6ffa68ac55bb0cae02cd5476e46794f4bc52472bd9334b5e1ee69ae45cd7106e9da2a0ad0729de9134c196df3baa1cdbc5a2800175a48029b48c89db450318a82462de3b3ea138c5a8e2a629c9879b88b8dc965354a25556d4cc8d0b29344551552386aff79cc2793b64b5451bdfd645d60746f634ed8de6976415dd4f02521837aaa3db45b2e931b35d944d1b491985b4610b3d58db8a938bf0454a26a0b56e6a046f7902e935c9a3124ee5b800dcba0d52d106590486a18c39fde3b40eef8aa7512f8b1b9c9f45fa687cb95422bbff008743aa1a9a20fb59087484643260dcdf9953f6a92e0a0cd6e47280a3349c80b8fba3c49c7e0bc94f24b2cb74bb3d7c31c71476c5706b592c924f288e3c5ef38ee03693c0056c684d12cb3442367373b6b9db4951ba9ba1459e2bee1f6b2005dbdadcdadf99e3c9742b6e1c7b55bec55a9cdbe54ba04210af3282108400210840109ae161eb6ccedeced8eec1de44f82e12cf57368762b52560702d391041e445156021bae757d925a798c163d547a631d14b87119958702d347021cd3b883507c5597a1ede2789b20cc8a386e70c1c3c7e4ab81881c82d8d0da65d6491d8174720c40d8f03b2e1f03c392af4f9363a65daac2f246e3da2a2e91e76bf48da9cca53ad78c37b5c58ef307cd73379d74b4e2d15753bbf7e2558d67e8f44a4992d0f739ce2f2e0d6b3171abb32e5bba7b53ac367b2bdd75d79adc1c5c6a5d5176b5c297a9851317aa871142d5a2c94e4f82bc9ed01975ae03b2032a3d634c9ce1b4e34a8ddbea4af6546216bda3b6e26981f86c4c318f61ec9c372638b2b8aa7d0b324149daec90050988ed6d39f64f1cbc53e08391056c8cd4ba666945aecd5b585b50e201e099b4b304ab1125a77034af9ae45d4e89be603e4ac26a599a3da1dd8fc131e9a49a31bde7e9f55d9e68c7c918e39325747c4c74ad648fb8d39902a40f9732ad5d12c85ac0222d2d0282e90683bb6aa67a9a1ad4d4e24d71afefe0946d6f6d0871a8c8ed1df9a51adc73d479a4bc0d743a8869efeb6df92e1b6da69929fd50d5d33013cc0dcc0b5a737d369f770efe59d12dd61b465d6bf007db245762f52eafb81b2d9c8c8c311153534eadb99dab0c749f1f3236e5d7fc8aa1c1be84215e6304210800421080042108005c56b5e8cb92895beac95af07d3e7f55daad0d3b6412c0f6d3100b9bc1cd151f4ef50c91dd1a2dc39364d32ba8dd85370a7804e3e235a262ccec79fc46456e40fa8e1bb714ada1dc5f162a38caae3a57d26f0d8a10ea0739ce76e376edd07bdd5565bea1571d26e89926636560a98ef540ccb5d4a91be97461c55fa7694d5946a53789d15f31c76bebc01f04e1945735aac2d39d138d8c0dc53c4cf3ad2324829a7306e4f18c6ea2c16a1a04c6c44d2defa7c53f678b318d082695c09a6e496d037bfe4e4a8a4f5bf01f853e6aba54c9a6ed08a2cb4909bbc9c0e3b95856381ee487ca4fee8b24e582c3b905d38643a9b57ab3500bffa36c77c10eea23c0e7743406d7f2d179498ddb9af59ea6da4cb60b2bc9a930c753bc86004f92a72f45b88994210a82e04210800421080042108004210802b6d39a38c1339a0764f69bc5a767319772d6865a1bd5cf020e18aeef59b459b44546faed379bb2bbdb5d95f9055869c9268eac7c2f1c1c2e9fca4e0eee2b164c4d4b81ae9f329479ec93b65b0b0de6e22988ce9c428b86dad9412dc5b5a1e633e4a061d6264525d9256dda64e375ede60e6392dfd31a4a0ea5d686bdad21983da410ffbad23dbaf8ee50f8da2ff009a35c3381d74d151c368ec7ab20bd4dcead1d4e191ef2a1040361216d5bedb25a5fd6486a68000050346e039d534db38f2aa718a0d45297679fcf38b9b71e869cc7019d534e253d2b1a369f15a8f77352970423c9b6d85c5a081504fff005b4e0b0e21829515245698d00e3beaac8d1ba2ecc35627b53ecf13a7eb0b2390b41905668d82ebf314ab955cc88f12abe5936921f612721de53cd8ced2998438641de4b6e37c9b80037f15744a64341a7215f8257534c494a8dc779ee14f32b258e27107bfeaba46cc3595c766e5ea6e8f07f6658b8d9e33e2c07e6bcc022a6786f5ea3d448eee8db1b6b5a59e1c7ff1b5559ba45b85f64ea10859cbc10842001084200108420010842001555d3e585c61b2ce1d84723d977799181c1ddc2370fccad555e74e03fa8c7fe7b7fda954f1fe48864fc59e787442b538d77fd52c3053d4052dc31096325ad232b6c69e4ee4cbf8def15b32269c3341d4cd6711b0265e13ef4ced55c8b625b3a6b443c6aa595cd268c97af78dec924958df0eb18554cc1c4af49e93887fd314a61e8119efea986be38af36b7355c09c8758c3bca7c31df7962cc129cef8fc95e91437c8f435da49e5879a5889c73341c162390d295fdd4272f63fbdca456c418f60dabd4ba94d0347d8c34d47a3c34276fd9b4af2dca7f7e2bd5bab8d02c96603210c4072eadaa8cfd22fc1e4914210b39a010842001084200fffd9, 'rwefewsd', 123),
(3, 1, 'eqwe', 321, 0xffd8ffe000104a46494600010100000100010000ffdb008400090607131212151312131516151718181817181718171817191718151818191a1a18191f2820181a251b181621312125292b2e2e2e171f3338332d37282d2e2b010a0a0a0d0d0d0e0d0d0e2b1915192b2d2b2b2b2b2b2b372b372d2b2d2b2b372b2b2d2d372b2b2b2b2b2b2b2b2b2b2b2b2d2b2b2b2b2b2b2b2b2d2b2b2b2b2b2bffc000110800f900cb03012200021101031101ffc4001c0001000007010000000000000000000000000102030405060708ffc4004d100001020304060704040a080603000000010002031121043141511261718191a1050713b1c1d1f00622e1f11432425223243362729293a2b3c2435463738283b2d315173444d2e353a3c3ffc400160101010100000000000000000000000000000102ffc400161101010100000000000000000000000000000111ffda000c03010002110311003f00ee28888088880888808888088880a8daed2d84c74479935a0b9c720146d368643697bdc1ad17971000de5716eb1fdb075adc2141711676ff00f6bb02720301bcea0cac4eb9c07102c7313a7e1a465ac766647d4d48feba65ff00660ff9e7fdb5c97a5c1fca0b8fd6d4e38ec3de758560db437ef8547691d760c6c52ff3ff00f5294f5e0dc2c27f6e3fdb5c5fb66fde0a4841d15e190eae3b84b124e0020f46fb1bd6532dd13b374030892034e9e982e209913a2d91a6bbc66b7c5e5fb05a7e8fa2d835d1ae95412e9ccbe62a0cc094aa00192eddec77b6cc8f0dadb4b9b0e35464d7cae20dcd3514ceec82c1b922028a02222022220222202222022220222a71e3358d2e7901a2f2505454e3c76b1a5cf735ad17971000de573bf68fac278259660183efb84de7f45a682e37cf62e73d23d2f1633b4e2bdcf39971206c380bee570763e95f6fec7068d73a2bae94314fd7326cb612b50e94eb3e3ba620c36c2031faefe72036689bd73feddc1c26273376faefbb82bc658c9bc1cc0d7ac9bcf92b9057b774cc6b4905f15f10de34ee1fa22e1b80588b4024c8cf57c389e2b2912c45c0cc9ba7594b8cd5bbac0e00094c6a351ac4d518896a98a820ebbe79892c3dbfa27466f86349b59b2f2dd60dee6f31aef5b53ac05c6430d723c811bf52921f47fbc03a74adf2c73905069165826238358d993af99d43d64b65b2595b05a58d1327eb3b171186a6838274444638bdb0a0bc1711320838cbdea7ba273a0d6b3ace8d757dd236cfba638a0b1b3c195feb6ac8c08a40a4e52c4198c4c8e073a6592aede8c70224d99df212c80b9556d81d74abfe207bb52a2efa3fda48f065d9c67b647eacfddbeed13369a6fd8b69e8beb29ed90b4426bf3730e891b41a137e4b4c8b6271c37199e202b7361895201d865395febc13076ae8bf6bac91e41b1435c7ecbfdd35c89a1dc4aceaf358790e95c67b2b5e17f72cef41fb5969b3994388ed11f65c26dd9a26e3b0859c1ddd16afecd7b650ad3ee3c76712ebe6c2720ec0ea39de56d0a02222022220222202e6bedb74f98af30d87dc65d939d713b2f0395eb74f6a6dfd859a23c19388d16ed7527baa772e4119e5c03b55776788dfa96a0b3e921a4272db9cc917eea2c339a2739ceb238573efe0567dcd93662eb9d8df4f82c71b27e140bc5e67716cfcc0545df4674686b439f5711300d745b84867dd72c8b298535cf760aa437cee96faa89046d3a8fc82223a53a80d06fc27dd3cd4ae24549912a4d3035655a64a2e893d55beff0096f414a200712663334c7156ce67e10530395fe2aedc719f1b95b3c92f6cabf2d5ea882b3accc13f74026f901327326fc315558dd197757cd632c1d350e3b9ec6dedbe7889ca6273989ac99394e5abe5b90562d18509db9eb2a6310815cf3a5db4e4a8c37fa9d3c94ddb4ae06830979282660c25b73e0800fcedd5ee5207b6f9f3271d854eea7da9cb39d38aa31bd29d1dda0d26fd71a8fbc32dbf2d983b30f7a9eb33eb25b4bde2faefa72aac54580d0f2e171c2fa9bc6f35d9b5455e747b8b65235af3f9ae89ec7fb445d28310933a31c6f9fdd271d5f25ce582426fbdd86af520af6c31b440268672198c67b6ed888ed88acba1ad9db41644c5c2bfa4287982af56544444044441a375a76f0c870a14eae717fea8d1fe7e4b9ad86d152d341f58652c70d6b35d705b4bad9d98b990983639c5ee3c8b5684db416b8385083315e55c2bcd6a0dae09137370c94b89ad7d5faeb72a50a20706bda686ed475ebbc53258d674913333d981f455466591b47138485c55c31f312f5bcf9ad64f483ab2e539700a02d649a81c3cca2b65ed00a0206fd5a878aa4eb437ef096539cf8d5603e9ce1778780523ad4e37cfd7cb9a0cf7d2c0bcf0047c15ac5b7b749b333bf2181c961b4eb76fa4be2762a4f88662e15c009dc543198b0b204373df0e8e74f4aade02770f5b3230ad6dfbc46ba1f1ef0b5b31b5cfd6d28d8c765c836816a6ca539e581516da5b2902361069e77ad65b6898f3979a9bb4387299e533441b47d30484c9fde376e5236d0330335ae323919996521dca48d6b75e49d4280841b0c68c1b790a8e94dc3cb7e13c96ba6d24566674b89e15556c7693a6da9bea2432cc5506c0f7cde7212aeaf8d4ee4891c4c00449bb2649adc7577ee5606d5a0d73ddb6589ac80e32e4b106d475e24ca93276fab90778eadad7a767736bee3cdf91683df35b6ae55d4c5b0f69688671631c2739fba4b4dffa6382eaab208888088883cf3d63c70fe91b51c9ed6feac36b761a85ac1a8f3d9ac49647da48fda5b2d4f94f4a3c5359ddda102bb00e0b17b80dfe8ee5a55ff40dbf44986eb89f776e5be9e8ab575279637ac7bce8bab7ea9f8abb6472e99c675ef9f341543f31763e8a9c4412c7d6a00aa12f55f5c51af06fbfe1ba682e348e13e23c14a4f9dea9e90f52a7090502739e1b9055316780f455171a83dfbf828e9138fad59a95cead391a57720a81c733cf528875d29ee333c0cd530f3297095ea0e32f9a0b81395011eb5ac8d96d21b0b408a9d3d42ad601395d500e3406ebd6189a0a4b9ecc544ed3c00e488ce7fc419a5ef566e73ab21a2d73d92634e90fab276a91ba44ab3b63d9a2dd194c09191151a2da900d1d43a8df204958e7c433af137fcaf4ed666f1ba7dc2e0827249349e7ab8aabd1e7df1495e4e03ea9f5256ae233f00a85a6d85864d3ef1121a86276e5b545643a46d3a4ed1068d35c8babc85db6792a50eb5bf877ab682e14aca5bcf355e10ccf0f82a3a07549680db781f7d8f672d3fe45dc179e3ab88da3d216638769299fce86f64bf797a1c29504445015bf485a3b3851227dc639dfaad27c15c2d7bac1b4767d1d6939c3d0fda110ff0099079d62ce649de4937e74526b9fadde4ab45fac76eef57a84a55a4f62d2b1fd2122266ef8e0150b14493a53a117eb15ee9f05796d692d38eb96ebd612cd1b45d23810781af2506c001f52f1c544c3f47d5554d1a09051903ab653bd514fb3c6e46c8e07d6c2a7d0adde354734ca8d90d95e2505291c0f0a71aa8969271c72559833dd7cf65ca0f61bc8e479a0a621eaef9268895e39951ec7601b4e75bc514fa26578ae13a50704149ce22f9a927bf86d92aad8799ee237d10b2574e5c105b000ddc27e3e4a669c0855cb6774e9ae5e6a52d17090e55bafc5414c898a11aa5597158588fd28d21b3cf9cf82cdb8800fa07d6a5ae581d3893da79cd067d82541eb8aac5bdd454a18f47e7a95668cc7ada15197f645da36bb39afe5e09387f4cd5e975e65f67ccad104d291619e111bcd7a694a8222280b4ceb72296746bdd3f744485a79e89881a25af48b374d6e6b56eb33a1635b3a3e2c0b380e88e74220121a086456bcd4d2e6a0f3b45e93867ed727f91054a7a4a19fb7fbae5977f55bd2f3ff00a33fb6b37fb8a47755fd2c3fec9dfb5b39ee88aab0b69e90872907cc7e8bfc42c211a6f0d655ce2000019924c80aeb5b644eadba57fa8c5fd685ff009ad93ab3eabed8db7c28d6db39850609ed3de730e9446cbb3680d713f5a4eba5264b1446bd1603a1cd8f690e692d7b67321ec716b9a647070237298c3a4fbcfc96dbed2d840b55a4cc563c52683ed3cbbc64ac4581a0090c320357aaaa306d846e34d57d78a97b00450037ec1cb92d8be88d174877cbcd41d6367e74ef9e881e134180309c3d539852f622b496e27c56c22c8d6fded7af978851fa3e3ef6a3eeedc865c906ba21d6f3dca2211a89bb7ce656c2e837d659ce9819a832ce25719ed377af57a0d78c118bbbbce6a5ec6428791f03cd6c4db309534a5b6bc540d91a70753200ca7ae53cd15ae0067e73516c2bc53719efb9675d66001a11e3a851490e003395d9530befbb7e6a0c143b1be2ca1c31a4f8874582604dcea345695256af666766f2d7fb8e04b5c1d420835045f306925d4fd9db2816bb33a43f2f079456ee569d65f5716d7f49478b64b33a2428a44405ba2007b87e1019915d3d23fe241a837a421ca8e3c1de4a2ee9287817703f059383d5974b1bac4fdf1208ef7857b07aa3e96709980c66a7c6873fdc2e1cd062fa2fa403e2c286cd36b9f118c0e20101cf786b4901c2e24705eaa0bcff00d07d517493234288ff00a3b432243799c5713263c3a9a2c392f40a8822220222202222022220e31ed4367688e243f2d13fd4ac9d0f50a52648e424b25ed4b47d2e28a7e55dccab1d3cb4a7a8d05fb064b428b8575ec1eb3501f1f8dd91510fbe7419cfca683511cc78208b8de7c25c657aa4e009c37de70b9550da5f9cef9e794d41912a31de70dc8212fcd3c063ac295ec12a57307e0a77bc1a09cc61a24ee99f55527bb892369f3f3410d13781237ce60f32324bef246d0089edcd4e0b7013bbeecd492ad07035f29eb4149edbeb317dd2aed3552d9a75ba7c30d4aa11375dca878cd52b3c83cde065f151590e813f8cc0bbf2d04d3fbc6e1c17725c3fa059f8cc01fdb42953fb419ec5dc144111101111011110111101111011110717f692d4dfa5c70491288fbabf6889c855631d69c4174b87c563bda88d3b65a70fc62389ec8ce1e0b1e229bfe0784e592d0d8db6a1991951ddea1dbb713c9ddf2d98ad72145c8713f0f151747390e33ee08361eddb74cd2834673e6a0eb40ba796078cccfc56b9dae17118023b8555431f3036a0cf0880e2e3b660050edbef11e12d93f15af35daa7ae6a531ab3d1f5b73d7241b10b4367799aa4eb483af59bbc0ac1be3536e35f097a2a998c67213d7ea53922b607476894f5545d9eb56f1238d3a4c11ac6bd6b0fda1c8e75a99d352962b8df21860541b8fb391c1b6c013af6d0f018c40772eeabcdfec7c4fc7ac74fe9a17f1005e905128888808888088880888808888088883cd5ed33c0b6da819ff00d45a3f8ef5645feb2f2e2af3a7c136cb51ced11cca98c679f1560e3219672af35a54438cf1db23e67d05339f41526597aa2905776cddea48083812789413438a319f19a84f29e53bbc2b8a945273065948cfc909a0f741c2a0d4f0aa0171b8cc9dea473f3035de4fc07c14448fc8cc72f154e6d1871a785e827681b371e75a843100c47ea9f829438e17ea4738e329ed08204e427cbbd46299b467bfc0a835b899729a9bb3f74f9eac861ea6a0ca7b1c3f1eb1cc7f4f0bfd6d5e965e66f639c3e9b64c3f1885ce233d6f5e99510444404444044440444404444044441e6ae956b4da2313798b14edfc23ae92b02d91f0beff004564fa55bf868a692d38bafedbab751634c3230e58eacd69468a4a5dfbea0290b1bacf3a2aa75cccf5dde283eadd3da25e34da50507b32329ea131b4c946998bb195eaa11f9a45d5a0f9a8685d3a6cf3f57a0a6f64efa8c14ba0301ba55e1eaf554b659cb0a1512dd5c3c905090c4ddb27cd0b40bfb8659c9560e95e2edc7bd4af0356f6f7a82939d394b7d00f1f0552136f9f94e7b454a06ec96e0784d4f0448dc3c75d5057f67bddb5d9a585a6cf791ffcad182f4f2f32745895a6052a2d16727f6f0f7af4da882222022220222202222022220222a36c7e8c379c9ae3c0141e7cb5598999c4eac5ce2499133bb3cd59bac97905d3d9e402dae3c2a06d240770ccdd40addb084eb296153be581dcb43596d8e598d5290ad7e2a5ecabf5a837ad9df004c4bcb2d6549d84fec8dc5c7e6835b741d7c0787c147b0205f9de1c16caf820e14d78ec3b9526d840380a7dd94bbd456b9d9e331cfc4fa928065f74b3c399aad84d9067ae95aebe1966a76d987a3e1241ac0832ace99cafefaa8984673b86c1af52d8859376d1f051366007ba2b8d4fa921ad71cccc91b7b94042339813d722799ef5b0be0375e18b8614c4a08229365d99e779416960b396c784ea994484ecbea3daef05e8a5c320b7dd1709199121e07d497735104444044440444404444044440567d2ee9408c7286f3fb855e2c67b4cf95923eb86e6feb0d1f141cb6236b39df4a5e38aa01b2ad779f829e2c8ccccfac14931a89d93ee5a41d594a73df2e44f7256871a674de68a0d8991031cfba5c5044159546daf035c65bd15399cf2e15e2a57b4612f5a8050c25eb1c37a61513cfd5504089d6786bf9aa7a2303296529774d54736a0484b64ca8b4643c7b8a829d65ab8dde2a0f71a4efdc25c546183599bb313ca545299d6e2396f4026e98cb133f1c94929cef96c209e21252d5afcf3f9290900898c72f0c6882f3447666a489626b7725db02e22092d22b5075ce97ea0bb5d99fa4c69cda0f10a0a88888088880888808888088880b5beb0e3e858229cdd08718cc5b22d37ad8892b0119c5843f7b4bc10731774999ca5dddf4c304ff8a612238ed9f158326467502997953e4a05e2f9d293cbcd68675dd21880379761cd4f0ba486a37cea72cbd78ad7fe9191f3dd550744c274cdd5d591e483636dbc7dd047f79213e0a3f4f13b84abf6803b2a330b5b6c5ad747553c6e5534c812d21ceed8048a8ace9b6b4d416eb9907bbc92274834e20eba1bb6b56bba445e448fac94a4eb065ac8ef446c06d4d0660868ff000f84f1d4a675b41a803f584fb960bb537481e1bef093395db8f2922b33f4d68c3f7a5e0a93ed627390aebaf0002c438ba64dd2ca976d2a9be2ec9ee3f2c506c503a41a04c013d42665ca4bbb74444d28105d9c361e2c0579be03e9298e12f5f15e88f65dd3b1d98ff610bf86d5119344440444404444044440444405a0f5cf125628427f5ad0c1b650e2bbc16fcb9c75e247d12ce31fa4b4f0811a7de8392bc1f8c918ecf8cb1daa49139f1c14ba27332cbd4969539232ee3df551d20465b8aa523802659b6ee7dc809c09397a082a871d5b6aa47199f5e0a5d290a8aebf3250b48aca5c08e1c104ec3819ec91f25070cfba79e3250638f1d4078a7bd7dfaa9f1f5b5411a11771bb8c9462904ddce6a9999c25bfc3d5ea1a2723bbcd054065701ebb94910e52e239a97475eaacbc54ae867d09739a0ba80796cf09715e88f62ccec165fee21ffa02f39c21afd71f05e89f6144ba3ec9fdcb39b6688cea2228088880888808888088880ad3a4fa320da19d9c786d88c9ce4e13a8b88c8eb15576883538bd5c7471ba0b9bb22c5ee2e215845eaa6c4492d89686ec7b081c5856f68839d3faa58185a63ef10cf7342a0eea861ff5976f86df35d311072c775407ecdb06f813ff00f4540f541105d6b61ff29cdfe72bad220e45ff0028e3ff005a87fa8f1e2a2dea862e3698635f66e77f309f15d711072aff0093eec6d8ddd00ffbaaab3aa06e36b3ba08f1795d411073885d5140fb7698c7f44307fa8395f59faa9e8f6fd6119ffa510b7f861ab79441af587d88e8f85f52cb0ccbefe944fe212b6001451011110111107fffd9, 'ewqeesa', 321);
INSERT INTO `product` (`id`, `store_id`, `name`, `price`, `picture`, `description`, `cost`) VALUES
(4, 1, 'ewqewq', 321, 0xffd8ffe000104a46494600010100000100010000ffdb00840009060712101215121212161515151517151715171515151715151715161615151515181d2820181a251d151521312125292b2e2e2e171f3338332d37282d2e2b010a0a0a0e0d0e1a10101a2d251f252d2b2d2d2d2d2d2d2d2d2d2b2d2f2d2d2d2d2d2d2d2b2d2d2d2d2b2d2d2b2d2b2d2d2d2d2d2d2d2d2d2d2d2d2d2d2d2d2d2dffc000110800fb00c903012200021101031101ffc4001c0000010403010000000000000000000000000102030704050608ffc4004210000103020205080609020603000000000100020304111221050631416107132251718191a13242b1c1d1f01423245262728292b2a2e108336373b3c2153474ffc4001a010002030101000000000000000000000000030104050206ffc400251100020202030002020203000000000000000102110304122131415122326181144271ffda000c03010002110311003f00bc1084200108420010842001084200161e981f679bfda7ff0012b3169b5af4bc34b4e4ca6dce110b00dae7c9d1681e373c0150fc263e95c492960b9cc798ec5aea9d38e6b8b6f6be62e0dc85bc8a1c6d507fe31928c0f6836d86cb393fb35a49fc1a2acd36c02e1d98277a652e92925e958e1b585efd226d6f9e2ba166acc4de9606e5c00589f47188002c01536be0e7f27eb3ace4d058cd7da4467cdebba555e84d6887474cd13dc3277362c7ba3203887387ddeb3b95a8ae61fd11476156460842134402108400210840021084002108400210840021084002108400210b57a735829a8985f3cad6f536f77bb835bb4a00da2a1b962d6764f571c513b13294dee0f45d28735ceb70185adbf6a8f5df94c9eb314505e184e4403d378fc6e1b07e11df755cd41c49b187d8b73fa2ebd5ad211d4461f1b811bc5f369ded70dc566ba22c7dd51da234bcd4af1244e2d76c3bdae1d4e6ef0ad5d5dd78a7abc2c96d14bb3093d179fc0e3ec39f6aa1975dc3b5e1a78b6633e9f4ce8ea2aaecc8748f92d3c111b9256f66c18495c16b2eb9474e0c705a4933b9dac61e27d63c077a4c6329ba45894e30572353ca1d43098e3bf483b9c23a8617345fb71792bd35174a36aa829e40ec479a631fd62463435e0f1b8bf785e55a9a97cae2e738b9ce3724ed25749aa1ae353a35f785d769f4e275cb1fda371fc433ed192d2862e30e264e5cdce6e47a910b8ed57e51e8ab5a313c412ef8e47002ff0081fb1c3c0f05d835c08b83707611982a1aa2054210a001084200108420010842001084200108420016a758758a9a8198e79036fe8b066f7fe56fbf6715c27287ca33e071a7a3700e69b3e5b0767bdac06e32de7c3ad541a4f4a4d50f324d23a479dae7124db701d43826c715f6c5cb251da6b4729b5552f736273a08b606b0d9c475bde33bf0161dbb570b5356e79bb8dd63a4253a92f05db7e88f2a126c9e42661500045d34e5f04e02c8b2824d9c1a4ea0524b1899c230f602cc7b8e56173883766432cb35a777621e067b775bab2db74fb2851ab3a726e818d171736b9dbb7bf24e9202cb13b0ec70cdaeec3eeda378480292299cdf45ce6df6e1716dfc149cd8ea7c64f40126d7e8824d86d396e5bed01add554643a199cdb6786f8a377e68ce46fd7b78ac4d115f1b5d7901c770448db006c715a46fe60d3886120b41b9597250c533b09c2c73cb5cd95afc65c1c4df1c78ae332d00e5771b5ce20145fd9297d171eac72ad47521aca83f4790ef71bc44f07fabfaadda577d1c81c039a4381cc1041047021792abb45cb06645d988b43c5ace209ddb45ec76817dd75b9d4bd71a8d1b2031bb1464f4e171381dc40f55df8877df62e5e34fb44a9b4e99e9e42d56ad69e8abe06cf09c8e4e69f498f1b58ee3ed0415b5491a0842100084210008421000b92e523597e834d661b4b2ddaceb68f59fdd7b0e2782eb579fb952d31f48ad90037645f54dfd3e91fdc5cbb846d9cc9d2390a89715eeb0dca47394455910214d253894d2a006a4213936c8011214b648a1924126df9ea53051c9b7e7a8a9020804045922091e0accd1d5ef8092c3e9647683b1c010e1982039d6dd9e60d96084f0a00dc692af64ed6343b0005c70e071b38936c4ec47a36b6605ee5c70e796b6585ccb13b0dece06ed3d8e19776e512692844dd9ddf25bad4686a9ac7bbea66219203b1a76324ee273e04f05e895e3d6397a7f93dd31f4ca082526ef0de6dff9d9d124f6801dfa92f22f93b83f83a34210943010842001084200c6d2554d86292471c2d631ce27aac2ebcb75b26271277927c57a375f689d3d04ec69b10dc67888c8791de1abcdd50734fc5e0ac86339464a7bca81eecc76260b1e516422c801122724400db244e4d28022976fcf515259472edf9e2a550086a2c9c1228246a5095259480e0531c734b751df35004815d7c80d7131d4c24e4d747201c5c1cd77f06aa4c156672135986b9f19361240e0075b9ae6b87963f3513f0ea3e97d210855c7021084002108401a5d72ae1051544845feacb40eb2fe80eebb82f33546d5e8ae539e068d9ee3ee01dbce3179ca77e69f8bc1590c779b2c29a4b11c7e2b3250b5d38da3c176ce119ed4f58d45297373da0dbe0b20294c1aa0489c90a081a536c9c522008e46e69c138a1400884a914002429534941235c6c09ea58d13d3ab5f60075fb145128beceaba33185775c8e4ec6693871fac246b4f53cb0d8f85c77ae09a5751c9d56735a4a95dbb9d00f00e05849ec0e27b912f023e9ea24210ab8e04210800421080394d7e903e36d3b85db25dcf1d6d1b078e7dca9dd3da91232eea738dbf71c4078e00ec777dbbd5a9adafbd567eab1a3da7deb54f75c2a93cf384dd1a38f5a13c6ad14856d349165231ccfccd2df0276ad64a0b8d8664f52f42cadb36c6cb81aea0fa45636368196760379218dfea73558c5b5cdd515b2e9a82bb3858e8df01c2f162431d6e1231af61fdae69ef4f2ac2e59b44360aa8b0e4d75346def8ef1ff16b157aadc5f45192ec505091a13adc5767034a44b64590034a129080dec400d2808704b6e2b9010a460b94e78e296336cd04a3afd61d447c9a3a8eb69c0b885e2561c9ceb4cf70783b0e4e22c6d9346d5c3d268b9de6cc86471e0c36f1d8bd4d4fa203347410dbfca8630ee3d00243df77155068988d3d4cb038fa0f737baf92ad932b8ab45cc5894dd339ed15a8d5321066b42de2439e7b1ad361de7b9767a2f40414cc2236f488cdeecdceefdc380b05bf2db8c9624a56764d89cfdf0d3c5ad8f1f6976583aa1a4cd4538c46ef8cf36ee36f45dde2ddf75bc5c0f27f3e19e48ef93e30eef63adec79f05df2bb8a5ca0999d9e1c323408421304821084015d6b84bf6b7f00c1fd20fbd60406ea5d6e7deb241c5bfc5aa2a73b166e6fdd9b383f45ff092ba5b34ac7e4cf45f3f552d43874632d038bba440f1b1fd2141a66a2cc39aecb930a1e6a8838ed95ee93bbd16f937cd3b557acafb92a491c6f2f50f4a99df8641e0e61f7aa78057772eacbc54e7f1483c987dca94c3c7dab4e1e23227e8d082940e3ed411c479a61c0d6a54ad6f1f6a68412353820a43d6820497e09ac29f20cb6fb7a946c1c479ae491cf52d3458886fde21be26def4c2d1d63cd6c340301a88013973d1dfb318ba0947ac308b5b76cee54d7283a3be8ba41b20f466603dede891e002b99719ca9688e7e944ad1d381d8ff49c9dee3dcaa4d5a68b78a5c6499cd51cb89a1435436d96bf435582d19ec59b33efbd65495336a3dab337542ab0d6c5f8b130f7b4dbcc056a2a3a96a39a9a37dfd07b5dbfd5703ee578abfacff1a337717e6982108560a6084210055faced1f4d92dd62fe01624afc296ba52fa895e76991dfc8ac2d2ef2d6dfab6acdc9dccdbc4b8e34616927195cd8d99b9ee0d0389360aecd1d4a218a3886c631adf0005d523aa555f6ea62fb10650dcf713703cecaf65770c6a266ed4b948aaf9777fd5d30e321f26aa59cadde5de5e9d3b3a98f778903dcaa272b91f11465e8d0828013dd27ce6987031a12b5a53b1fcf759297ece1fdbe08023b24727b5f6f9ecf82697e56f9dff140092354016487e56f9cadf05139fbfe6cb9005b4d5d8f155403ae68c7f5b56a9bdab73aae3ed54ffef45ff23421928f55a64d107b4b5c2e1c0823ac1c8a7a1561e50ba7e89da3aa6488fa37c4d3d6d3b16450d46317597cb40325644d6fab174bb71122fe216af43444340e0a8ec452766b6a4db54c4afda55e3a226e72089ff7a263bc5a0aa434947656fea513f4182fb701f00e706f95977acc4eeaf19bb4210ad99e084210054950dfaf947fa8ff00e4541a462bb4acbab6daa661feabff00914da86dc2cb9ba91bd8fb823888a47453c447a92b1c3b9c17a4179e74bc367df8dfc15ff4337391b1ff00798d778b415a189dc4c9d9552299e5d5ff006b88755383e3249f05571565f2e67edd1fff00333fe4955664ab71f0a52f4684a9a13930e06dd39309cd3ca0069284895480ad51b827848e50c08d856df576a5b14f148ef4592b1e77e4c7079fe2b4e466b229dd6f3f615c9d1ebe8de1c039a6e080411b083982139713c8e699fa5e8b86e6ef86f03bf45b07f4162ec2ae611b1cf3ea827e0abb5438a8b5f1e1f54eb665ceccf01934782c7a38b0858d34866a87bce77715b46b6c1666c4ae46d6b438c0d369639abab40537354d0c676b62603db845fceea9c869f9ea88e3fbf235a7bdc01f25792b1aaba6ca9bb2ed204210ad1401084200abf4fb3056cc3adc1dfb9a0fbd42f664b61afd0e0ab6bfefc63c5a483e565851ec59b995499b5af2bc68e6f4dc4aded4d9b1d0d39ff4c0fdbd1f72ab74d32e1597a85ffa30f63bf9b959d67f894f7577655bcbb32d5b11eba7679492aabddb55bfcbd53fd6d33fef47237f6b9a7feeaa0902d18f88cc97a0138a8815212bb4703027b946d523908062726a55202848e0942450047204076453ca88ef5c9d16e7f870ad3f6a809cad1c807105cd71f36782b375e6af9aa47906c4e5f3e4a9bff0fb261af7b773a9de3bc3e323d8559dca754011323deebd875fcdbcc2af93a1f895b48e0f41c57173b7e77aceac9308b0da7628681b81aa1ae9b61ed590fb91bcba89bde4f6879dace70e6216971fceee8b7dae3dcad35cdea1e8734d4d778b4929e71dd605ba0d3d833ed715d22d2c51e31a31b627ce6d821084c120842100721ca3525e28e503d07d8fe577f703c573148eb8ee564e99a215104917de690383b6b4f880aaaa590b7276441208e2323754b663dd9a7a53b8f1fa20d3073f0564ea18fb0c5faff9b956fa559717f9daad0d4f65a8e11f86fe2e2bbd5f19c6f7c1c572eb1b4d353bbd612b801f84b3a47c433c551e42b73974aa3ce431ee6c45ff00b9f87fe83c154856943f53267e98d236c8be4a6705116ae8e41894948dc908011294894a901c9a4a131ce4580e2e458150192fb1023ebf00b924e9b50f4c9a0ad8656dac5ed8dd7d85923835c09ddb6f7eb0ac7d33a43e9f52f95a7eada7047c5adf587e6373de1559a0b4319c8b8b36e2dc483ec568c74c29e302d980b3f732ff00aa3574303fde46154f45d61b2c0fb56fb523409aa979e907d544767df7ed0dec1913dc168a9a8df51332267a4f36e006f71e005cab8f4650b29e26c4c166b05bb4ef278939a4e0c76ed8ddacdc5715eb3290842ba660210840021084002ac75ca8b99aa711e8ca39c1dbb1de79f7ab39721ca2d2de28e5dec7e13d8e1f11e6959a370658d69f1c88e29c31c7c73f82b1f52660ea38bf0e269ed0e2abda1005c6e5d2ea969314f2185d9325702d3b9b21b0b761c876d955d79d4e997b6f1b963b5f057bcb76916bebb035d8b042d61b7aaec4f2479aaedafb8c976bcafc6c8f48cd620df0b8836bb5ce6349ee5c339a4e61c7cbe0b623e230e5e92dd3090a0731ff007ae99d2de3cd4d9cd13937428413d453830a00784a930d917c90023dd651612ee014823eb4a6c36f8282418cb6cc82218cbde23666e710d1c49361d8140f92e72f9ee5dcea3e808c39b33e669933c31dec5b7045cdf69b13b32ed4bcb91638d8ec185e49a89d46aee8b8e06b4666c00b95b5d2728c361bf2f7fb9133c345828f42503eb67c0db86b6c5efdcd03da4ee0b1237391e864e38e1fc23a6e4e746d84950e1993cdb3f28b171ef361fa576ca0a1a4642c6c6c166b465ed24f127353ad48478c5230f2cf9cdc810842e858210840021084002d4eb5537394b28b5ec03bf6904f902b6c8214356a898ba6994ed39b1eff0082cc9d81c2d7b2975a747fd1ea0b40b31dd26f558ed1dc6e3b9318f0e03cc772cbc9171746e639a946c655d0b2a5fce4c03de406979031168d809b5d733ae5abd491d3ba560e6dedb588764f24fa25bd7c5760d200555f29b52e3244cc561d336bd86d6807f927e072735d89d98c2389be28e7049c0f87c118c1de1470b45b3ebeb4ae68b0bf5f5adaa3cf7225b26dc28cc6131cdedf12869829224328e3e0a374e7abc910b862d97eded08072f9ea5ca3a635f23ba902027695354bba47b8f904cc454a4abb224ddf4490d28b13d5f3f05335ee60e8b8f66d1e0b15ae714af94aeba39fcafd363069da88f212380dc03881e1b15f7c8c56f3d404975de267b5dd60e16380277e4e07bd79bc5c9574ff0087aaebfd2e0dc39a94755ce36bbd8df02933c714ad21f0c927d365c8842120602108400210840021084002108401cdebdd173900900e944e07f49c9c3d87b97034cfcf2f91b95bd3c21ed2c70b870208e0459549242627bdbbd8e22c77d8907d8aa6c43bb3474a7d38999472820ded7bae5f5df541b55795b72f6c766e1cf3bb9c011bf33db9adb4b23242703b049d472bf8ed5994d5ce659afdb6ee29116e2ed1764a3354ca93496a93a0a565487e2b90246e1b602721b73c8e456959886e07b9581ca4e9e6b43a9e3b174a017f5345c589e26def55dc773bd6aebca4e36cc3dc84233a8ff64dce70482451f347ef04c7021596d952913c4e1887cef4ce73726d33313ad7b273181b9bc8cb7020936dd96c4be477c492a5f771eef6048d79dc142242e390bdcf76654cd889da5751f0e6557d8f6b8f5240e36d81298edb4f826d8efc8712bbece3a10abb3fc3bb5b82b2c05f143777ac45a4b0ecdbe25526c6dce5b38ab6b902ae11d54f4e4ff9d1078ea26277b6d213dcb8c8ae27707522f34210aa960108420010842001084200108420016934beabd3d512e78735c76961b5f8d8822fc6cb76a2aa710c711b435c7c8a8693f495271ed1e64d37a6e7a59e58035bf5723d977173bd17117cedd5b9414fae9523d3646f0371c43cc92b5352f2f389c7138b9d727327306e4f5ddc7c563c8d03c159ff001f1fd095b796fa636ba574f2be592d89e6e6db3700076003c144d87e6ea7fedb94523cd8a628a4ba14e4e4ed83a268dab1252ddca58fa5b734c9064a1f8751f4eb3920d1f1d4e938e2958d7c6639b131e03811cd3ad91de0d8f72e3a484b5c5a768363daac3e411a0e966f082523fa47bcae234f0b544c06e91f6fdc9434c51191d7e4b2593b80d84f87c5634733bad64c72bbad323fc0a95fc92c923f2b803c4f90462cb65cfe5b0f8a5e70dffb04f0f246df9cd328558c8a2276fcf62b1f913d10e974809f6369d8f2789903a368f371fd2ab9073b2b7790279e7ea86e31467c1eeb7b4ae327516750ee48ba50842a85b042108004210803ffd9, 'ewqewq', 321),
(10, 5, '0', 324, NULL, 'asdfghj', 9),
(6, 5, '0', 0, NULL, '0', 0);

-- --------------------------------------------------------

--
-- Table structure for table `rating`
--

DROP TABLE IF EXISTS `rating`;
CREATE TABLE IF NOT EXISTS `rating` (
  `storeid` int(11) DEFAULT NULL,
  `customer_id` int(11) DEFAULT NULL,
  `rate` int(11) DEFAULT NULL
) ENGINE=MyISAM DEFAULT CHARSET=latin1;

--
-- Dumping data for table `rating`
--

INSERT INTO `rating` (`storeid`, `customer_id`, `rate`) VALUES
(0, 0, 5),
(1, 12, 2);

-- --------------------------------------------------------

--
-- Table structure for table `shop`
--

DROP TABLE IF EXISTS `shop`;
CREATE TABLE IF NOT EXISTS `shop` (
  `id` int(11) NOT NULL AUTO_INCREMENT,
  `owner_id` int(11) DEFAULT NULL,
  `name` varchar(50) DEFAULT NULL,
  `address` varchar(50) DEFAULT NULL,
  `phone` varchar(50) DEFAULT NULL,
  PRIMARY KEY (`id`)
) ENGINE=MyISAM AUTO_INCREMENT=10 DEFAULT CHARSET=latin1;

--
-- Dumping data for table `shop`
--

INSERT INTO `shop` (`id`, `owner_id`, `name`, `address`, `phone`) VALUES
(1, 1, 'shop1', '12314', '1234567'),
(2, 2, 'shop2', '321435617', '7849324'),
(3, 3, 'shop3', '567321', '890432'),
(4, 4, 'shop4', '64783287', '3267183'),
(5, 13, 'store', 'store', '111'),
(6, 13, 'store2', 'store', '1112'),
(7, 13, 'store22', '4353', '343'),
(8, 13, 'store2', 'store', '1112'),
(9, 13, 'store25', 'tyryu', '887');

-- --------------------------------------------------------

--
-- Table structure for table `shoppingcart`
--

DROP TABLE IF EXISTS `shoppingcart`;
CREATE TABLE IF NOT EXISTS `shoppingcart` (
  `customer_id` int(11) DEFAULT NULL,
  `product_ID` int(11) DEFAULT NULL,
  `quantiy` int(11) DEFAULT NULL
) ENGINE=MyISAM DEFAULT CHARSET=latin1;

--
-- Dumping data for table `shoppingcart`
--

INSERT INTO `shoppingcart` (`customer_id`, `product_ID`, `quantiy`) VALUES
(11, 1, 1),
(11, 1, 1),
(12, 2, 1),
(12, 3, 1),
(12, 1, 1),
(12, 1, 1),
(12, 1, 1),
(12, 1, 1),
(12, 1, 27),
(13, 1, -6);
COMMIT;

/*!40101 SET CHARACTER_SET_CLIENT=@OLD_CHARACTER_SET_CLIENT */;
/*!40101 SET CHARACTER_SET_RESULTS=@OLD_CHARACTER_SET_RESULTS */;
/*!40101 SET COLLATION_CONNECTION=@OLD_COLLATION_CONNECTION */;
